# VWRP holdings from Vanguard's export, data as at 31 Aug 2026.
# Trimmed to the 626 holdings that could plausibly reach the top 150 within a year:
# the 150th carries 0.1083%, everything here is above 0.0271% (a 4x move). 82.3% of the fund.
#
# vanguard_weight is the fund's REAL published weight, not an estimate.
ticker,region,vanguard_weight,name
NVDA,US,4.766000,NVIDIA Corp
AAPL,US,4.235300,Apple Inc
MSFT,US,3.486600,Microsoft Corp
AMZN,US,2.332500,Amazon.com Inc
GOOGL,US,1.867700,Alphabet Inc
2330.TW,TW,1.703700,Taiwan Semiconductor Manufacturing Co Ltd
AVGO,US,1.594700,Broadcom Inc
GOOG,US,1.438200,Alphabet Inc
META,US,1.165700,Meta Platforms Inc
MU,US,1.000400,Micron Technology Inc
TSLA,US,0.995300,Tesla Inc
JPM,US,0.878500,JPMorgan Chase & Co
LLY,US,0.854800,Eli Lilly & Co
005930.KS,KR,0.811100,Samsung Electronics Co Ltd
AMD,US,0.708600,Advanced Micro Devices Inc
BRK-B,US,0.703200,Berkshire Hathaway Inc
000660.KS,KR,0.629500,SK hynix Inc
XOM,US,0.617600,ExxonMobil Holdings Corp
ASML.AS,NL,0.602100,ASML Holding NV
JNJ,US,0.591400,Johnson & Johnson
V,US,0.578200,Visa Inc
MA,US,0.441600,Mastercard Inc
WMT,US,0.426000,Walmart Inc
ABBV,US,0.418200,AbbVie Inc
CSCO,US,0.403100,Cisco Systems Inc
COST,US,0.387400,Costco Wholesale Corp
PLTR,US,0.383700,Palantir Technologies Inc
INTC,US,0.378400,Intel Corp
BAC,US,0.376700,Bank of America Corp
CVX,US,0.352400,Chevron Corp
LRCX,US,0.348500,Lam Research Corp
MRK,US,0.337200,Merck & Co Inc
AMAT,US,0.336200,Applied Materials Inc
CAT,US,0.335300,Caterpillar Inc
0700.HK,HK,0.334600,Tencent Holdings Ltd
HSBA.L,GB,0.326100,HSBC Holdings PLC
UNH,US,0.323900,UnitedHealth Group Inc
GE,US,0.319900,General Electric Co
KO,US,0.318300,Coca-Cola Co/The
NFLX,US,0.314100,Netflix Inc
PG,US,0.310500,Procter & Gamble Co/The
HD,US,0.300800,Home Depot Inc/The
PANW,US,0.283800,Palo Alto Networks Inc
ROP.SW,CH,0.276500,Roche Holding AG
PM,US,0.268900,Philip Morris International Inc
NOVN.SW,CH,0.264200,Novartis AG
RTX,US,0.259300,RTX Corp
9988.HK,HK,0.258400,Alibaba Group Holding Ltd
RY.TO,CA,0.255300,Royal Bank of Canada
WFC,US,0.242900,Wells Fargo & Co
ORCL,US,0.236000,Oracle Corp
8306.T,JP,0.234100,Mitsubishi UFJ Financial Group Inc
SHEL.L,GB,0.233200,Shell PLC
NESN.SW,CH,0.229600,Nestle SA
AZN.L,GB,0.224400,AstraZeneca PLC
GEV,US,0.224000,GE Vernova Inc
SIE.DE,DE,0.222600,Siemens AG
BHP.AX,AU,0.219400,BHP Group Ltd
MS,US,0.218900,Morgan Stanley
TXN,US,0.218300,Texas Instruments Inc
CRWD,US,0.214200,Crowdstrike Holdings Inc
AMGN,US,0.213900,Amgen Inc
TMO,US,0.213200,Thermo Fisher Scientific Inc
KLAC,US,0.212800,KLA Corp
SNDK,US,0.210000,Sandisk Corp
SAP.DE,DE,0.209000,SAP SE
LIN,US,0.207300,Linde PLC
C,US,0.206600,Citigroup Inc
IBM,US,0.203000,International Business Machines Corp
SAN.MC,ES,0.201600,Banco Santander SA
GS,US,0.198200,Goldman Sachs Group Inc/The
CRM,US,0.195800,Salesforce Inc
VZ,US,0.193800,Verizon Communications Inc
7203.T,JP,0.190800,Toyota Motor Corp
ANET,US,0.189500,Arista Networks Inc
TD.TO,CA,0.185200,Toronto-Dominion Bank/The
ALV.DE,DE,0.179400,Allianz SE
APH,US,0.178800,Amphenol Corp
DIS,US,0.176700,Walt Disney Co/The
CBA.AX,AU,0.176100,Commonwealth Bank of Australia
PEP,US,0.175400,PepsiCo Inc
ABT,US,0.175200,Abbott Laboratories
MCD,US,0.172800,McDonald's Corp
SU.PA,FR,0.171900,Schneider Electric SE
STX,US,0.171200,Seagate Technology Holdings PLC
MRVL,US,0.171100,Marvell Technology Inc
GILD,US,0.169200,Gilead Sciences Inc
2454.TW,TW,0.167500,MediaTek Inc
SCHW,US,0.166500,Charles Schwab Corp/The
QCOM,US,0.166500,QUALCOMM Inc
UNP,US,0.165800,Union Pacific Corp
ADI,US,0.163900,Analog Devices Inc
AXP,US,0.163600,American Express Co
T,US,0.162300,AT&T Inc
BLK,US,0.161700,BlackRock Funding Inc/DE
RR.L,GB,0.160700,Rolls-Royce Holdings PLC
SHOP.TO,CA,0.160400,Shopify Inc
NEE,US,0.158400,NextEra Energy Inc
8035.T,JP,0.156200,Tokyo Electron Ltd
UBSG.SW,CH,0.155700,UBS Group AG
TTE.PA,FR,0.154100,TotalEnergies SE
BBVA.MC,ES,0.152900,Banco Bilbao Vizcaya Argentaria SA
WELL,US,0.152700,Welltower Inc
BRK-A,US,0.150300,Berkshire Hathaway Inc
COP,US,0.150300,ConocoPhillips
DE,US,0.149700,Deere & Co
8316.T,JP,0.149000,Sumitomo Mitsui Financial Group Inc
PFE,US,0.148400,Pfizer Inc
ETN,US,0.145800,Eaton Corp PLC
BA,US,0.144900,Boeing Co/The
6098.T,JP,0.144700,Recruit Holdings Co Ltd
BKNG,US,0.143700,Booking Holdings Inc
6857.T,JP,0.143100,Advantest Corp
NOW,US,0.143100,ServiceNow Inc
IBE.MC,ES,0.142400,Iberdrola SA
WDC,US,0.141600,Western Digital Corp
ABBN.SW,CH,0.140300,ABB Ltd
6758.T,JP,0.138600,Sony Group Corp
6501.T,JP,0.138400,Hitachi Ltd
UBER,US,0.136700,Uber Technologies Inc
TJX,US,0.135300,TJX Cos Inc/The
UCG.MI,IT,0.134300,UniCredit SpA
NOVO-B.CO,DK,0.134200,Novo Nordisk A/S
DELL,US,0.127700,Dell Technologies Inc
COF,US,0.127200,Capital One Financial Corp
VRTX,US,0.126600,Vertex Pharmaceuticals Inc
NEM,US,0.126400,Newmont Corp
BMY,US,0.126100,Bristol-Myers Squibb Co
SAF.PA,FR,0.126000,Safran SA
AIR.PA,FR,0.124700,Airbus SE
ULVR.L,GB,0.123600,Unilever PLC
DHR,US,0.121500,Danaher Corp
ISRG,US,0.121300,Intuitive Surgical Inc
SPGI,US,0.120300,S&P Global Inc
PLD,US,0.120200,Prologis Inc
MC.PA,FR,0.119600,LVMH Moet Hennessy Louis Vuitton SE
8411.T,JP,0.118600,Mizuho Financial Group Inc
PGR,US,0.118100,Progressive Corp/The
CFR.SW,CH,0.116900,Cie Financiere Richemont SA
ENR.DE,DE,0.114400,Siemens Energy AG
9984.T,JP,0.114200,SoftBank Group Corp
PH,US,0.113400,Parker-Hannifin Corp
SBUX,US,0.111600,Starbucks Corp
ADBE,US,0.110900,Adobe Inc
BMO.TO,CA,0.110400,Bank of Montreal
ISP.MI,IT,0.110200,Intesa Sanpaolo SpA
CVS,US,0.110200,CVS Health Corp
BNP.PA,FR,0.109000,BNP Paribas SA
GLW,US,0.108500,Corning Inc
CB,US,0.108300,Chubb Ltd
D05.SI,SG,0.108300,DBS Group Holdings Ltd
LOW,US,0.107100,Lowe's Cos Inc
ACN,US,0.106700,Accenture PLC
MDT,US,0.105700,Medtronic PLC
BATS.L,GB,0.105500,British American Tobacco PLC
LMT,US,0.104700,Lockheed Martin Corp
ADP,US,0.104400,Automatic Data Processing Inc
MO,US,0.104400,Altria Group Inc
DTE.DE,DE,0.103000,Deutsche Telekom AG
SYK,US,0.102900,Stryker Corp
BP.L,GB,0.102300,BP PLC
MPC,US,0.102300,Marathon Petroleum Corp
SNOW,US,0.102300,Snowflake Inc
FCX,US,0.101900,Freeport-McMoRan Inc
2308.TW,TW,0.101500,Delta Electronics Inc
005935.KS,KR,0.101300,Samsung Electronics Co Ltd
BNS.TO,CA,0.101000,Bank of Nova Scotia/The
0939.HK,HK,0.101000,China Construction Bank Corp
MCK,US,0.100900,McKesson Corp
285A.T,JP,0.099800,Kioxia Holdings Corp
ENB.TO,CA,0.099600,Enbridge Inc
BX,US,0.099200,Blackstone Inc
BNY,US,0.099000,Bank of New York Mellon Corp/The
ZURN.SW,CH,0.098600,Zurich Insurance Group AG
VLO,US,0.098200,Valero Energy Corp
RIO.L,GB,0.097900,Rio Tinto PLC
FTNT,US,0.097900,Fortinet Inc
CNQ.TO,CA,0.097000,Canadian Natural Resources Ltd
CM.TO,CA,0.095900,Canadian Imperial Bank of Commerce
AEM.TO,CA,0.095400,Agnico Eagle Mines Ltd
CME,US,0.095000,CME Group Inc
EQIX,US,0.094200,Equinix Inc
INGA.AS,NL,0.094100,ING Groep NV
SO,US,0.093900,Southern Co/The
1299.HK,HK,0.093600,AIA Group Ltd
2317.TW,TW,0.093000,Hon Hai Precision Industry Co Ltd
INTU,US,0.092900,Intuit Inc
PSX,US,0.092600,Phillips 66
TT,US,0.092000,Trane Technologies PLC
VRT,US,0.091200,Vertiv Holdings Co
GSK.L,GB,0.090800,GSK PLC
8058.T,JP,0.089800,Mitsubishi Corp
NET,US,0.089100,Cloudflare Inc
CMCSA,US,0.089100,Comcast Corp
HWM,US,0.089100,Howmet Aerospace Inc
SAN.PA,FR,0.088900,Sanofi SA
USB,US,0.088300,US Bancorp
6861.T,JP,0.087900,Keyence Corp
MRSH,US,0.087400,Marsh & McLennan Cos Inc
CSX,US,0.087100,CSX Corp
GD,US,0.086800,General Dynamics Corp
CDNS,US,0.086400,Cadence Design Systems Inc
PNC,US,0.086400,PNC Financial Services Group Inc/The
RELIANCE.NS,IN,0.085600,Reliance Industries Ltd
SLB,US,0.084400,SLB Ltd
BARC.L,GB,0.084300,Barclays PLC
WMB,US,0.084300,Williams Cos Inc/The
ICE,US,0.083900,Intercontinental Exchange Inc
DUK,US,0.083900,Duke Energy Corp
MELI,US,0.082900,MercadoLibre Inc
MMM,US,0.082600,3M Co
PWR,US,0.082300,Quanta Services Inc
DASH,US,0.082200,DoorDash Inc
HDFCBANK.NS,IN,0.082000,HDFC Bank Ltd
CEG,US,0.081800,Constellation Energy Corp
8766.T,JP,0.080900,Tokio Marine Holdings Inc
TMUS,US,0.080700,T-Mobile US Inc
LLOY.L,GB,0.080000,Lloyds Banking Group PLC
IFX.DE,DE,0.079700,Infineon Technologies AG
BN.TO,CA,0.078800,Brookfield Corp
JCI,US,0.078500,Johnson Controls International plc
SPOT,US,0.078300,Spotify Technology SA
8001.T,JP,0.078200,ITOCHU Corp
CP.TO,CA,0.078000,Canadian Pacific Kansas City Ltd
GLEN.L,GB,0.078000,Glencore PLC
EMR,US,0.077700,Emerson Electric Co
ENEL.MI,IT,0.077600,Enel SpA
SNPS,US,0.077300,Synopsys Inc
NAB.AX,AU,0.076600,National Australia Bank Ltd
AMT,US,0.076600,American Tower Corp
WBC.AX,AU,0.076600,Westpac Banking Corp
SU.TO,CA,0.076100,Suncor Energy Inc
BA.L,GB,0.075900,BAE Systems PLC
MSI,US,0.075000,Motorola Solutions Inc
ANZ.AX,AU,0.074700,ANZ Group Holdings Ltd
EOG,US,0.074500,EOG Resources Inc
WM,US,0.074500,Waste Management Inc
O39.SI,SG,0.074000,Oversea-Chinese Banking Corp Ltd
REGN,US,0.073900,Regeneron Pharmaceuticals Inc
7011.T,JP,0.073900,Mitsubishi Heavy Industries Ltd
9983.T,JP,0.073700,Fast Retailing Co Ltd
MDLZ,US,0.073500,Mondelez International Inc
SHW,US,0.073100,Sherwin-Williams Co/The
HOOD,US,0.073100,Robinhood Markets Inc
ICICIBANK.NS,IN,0.073100,ICICI Bank Ltd
MUV2.DE,DE,0.072900,Muenchener Rueckversicherungs-Gesellschaft AG in
8031.T,JP,0.072100,Mitsui & Co Ltd
GM,US,0.071700,General Motors Co
1398.HK,HK,0.071600,Industrial & Commercial Bank of China Ltd
CS.PA,FR,0.071600,AXA SA
DDOG,US,0.071500,Datadog Inc
ITW,US,0.071500,Illinois Tool Works Inc
MCO,US,0.071300,Moody's Corp
NSC,US,0.071100,Norfolk Southern Corp
UPS,US,0.071000,United Parcel Service Inc
CMI,US,0.070700,Cummins Inc
NG.L,GB,0.070400,National Grid PLC
ABNB,US,0.070300,Airbnb Inc
6981.T,JP,0.070300,Murata Manufacturing Co Ltd
TGT,US,0.069800,Target Corp
SPCX,US,0.069800,Space Exploration Technologies Corp
MAR,US,0.069300,Marriott International Inc/MD
APP,US,0.069200,AppLovin Corp
ABX.TO,CA,0.069200,Barrick Mining Corp
TRV,US,0.068900,Travelers Cos Inc/The
ORLY,US,0.068200,O'Reilly Automotive Inc
NWG.L,GB,0.068100,NatWest Group PLC
ABI.BR,BE,0.067800,Anheuser-Busch InBev SA/NV
ELV,US,0.067300,Elevance Health Inc
ITX.MC,ES,0.067200,Industria de Diseno Textil SA
KKR,US,0.067000,KKR & Co Inc
ROST,US,0.066500,Ross Stores Inc
CL,US,0.066400,Colgate-Palmolive Co
CI,US,0.066300,Cigna Group/The
NOC,US,0.066300,Northrop Grumman Corp
FDX,US,0.066300,FedEx Corp
6503.T,JP,0.066200,Mitsubishi Electric Corp
MFC.TO,CA,0.065700,Manulife Financial Corp
BSX,US,0.065300,Boston Scientific Corp
HON,US,0.065300,Honeywell International Inc
HLT,US,0.065100,Hilton Worldwide Holdings Inc
4063.T,JP,0.064800,Shin-Etsu Chemical Co Ltd
WPM.TO,CA,0.064100,Wheaton Precious Metals Corp
HPE,US,0.064000,Hewlett Packard Enterprise Co
CNR.TO,CA,0.064000,Canadian National Railway Co
DBK.DE,DE,0.064000,Deutsche Bank AG
ECL,US,0.063700,Ecolab Inc
402340.KS,KR,0.063700,SK Square Co Ltd
0388.HK,HK,0.063400,Hong Kong Exchanges & Clearing Ltd
WBD,US,0.063400,Warner Bros Discovery Inc
CTAS,US,0.063000,Cintas Corp
AJG,US,0.062900,Arthur J Gallagher & Co
APD,US,0.062700,Air Products and Chemicals Inc
AON,US,0.062500,Aon PLC
SPG,US,0.062000,Simon Property Group Inc
RCL,US,0.062000,Royal Caribbean Cruises Ltd
DLR,US,0.061500,Digital Realty Trust Inc
AI.PA,FR,0.060700,Air Liquide SA
ALL,US,0.060700,Allstate Corp/The
URI,US,0.059900,United Rentals Inc
TDG,US,0.059700,TransDigm Group Inc
BKR,US,0.059700,Baker Hughes Co
3711.TW,TW,0.059500,ASE Technology Holding Co Ltd
AEP,US,0.059400,American Electric Power Co Inc
REL.L,GB,0.059400,RELX PLC
CRH,US,0.058800,CRH PLC
DG.PA,FR,0.058700,Vinci SA
PDD,US,0.058700,PDD Holdings Inc
WES.AX,AU,0.058600,Wesfarmers Ltd
NDA-FI.HE,FI,0.058400,Nordea Bank Abp
PCAR,US,0.058400,PACCAR Inc
TEL,US,0.058300,TE Connectivity PLC
6752.T,JP,0.058200,Panasonic Holdings Corp
TRP.TO,CA,0.058100,TC Energy Corp
HCA,US,0.057900,HCA Healthcare Inc
RMS.PA,FR,0.057700,Hermes International SCA
KMI,US,0.057500,Kinder Morgan Inc
ARGX.BR,BE,0.057400,Argenx SE
TRGP,US,0.057300,Targa Resources Corp
MNST,US,0.057200,Monster Beverage Corp
1810.HK,HK,0.057100,Xiaomi Corp
MPWR,US,0.057100,Monolithic Power Systems Inc
TFC,US,0.056800,Truist Financial Corp
LNG,US,0.056800,Cheniere Energy Inc
OKE,US,0.056300,ONEOK Inc
MQG.AX,AU,0.056200,Macquarie Group Ltd
AAL.L,GB,0.055900,Anglo American PLC
CSL.AX,AU,0.055900,CSL Ltd
DB1.DE,DE,0.055900,Deutsche Boerse AG
009150.KS,KR,0.055600,Samsung Electro-Mechanics Co Ltd
COR,US,0.055400,Cencora Inc
DHL.DE,DE,0.055100,DHL AG
EL.PA,FR,0.054900,EssilorLuxottica SA
LSEG.L,GB,0.054800,London Stock Exchange Group PLC
7974.T,JP,0.054600,Nintendo Co Ltd
4502.T,JP,0.054200,Takeda Pharmaceutical Co Ltd
KEYS,US,0.054100,Keysight Technologies Inc
RHM.DE,DE,0.053700,Rheinmetall AG
APO,US,0.053600,Apollo Global Management Inc
BAYN.DE,DE,0.053100,Bayer AG
BHARTIARTL.NS,IN,0.053000,Bharti Airtel Ltd
5803.T,JP,0.052800,Fujikura Ltd
D,US,0.052600,Dominion Energy Inc
CTVA,US,0.052500,Corteva Inc
DVN,US,0.052400,Devon Energy Corp
NXPI,US,0.052400,NXP Semiconductors NV
TER,US,0.052000,Teradyne Inc
FAST,US,0.051900,Fastenal Co
GLE.PA,FR,0.051800,Societe Generale SA
BAS.DE,DE,0.051600,BASF SE
GWW,US,0.051400,WW Grainger Inc
3690.HK,HK,0.051300,Meituan
7741.T,JP,0.051200,Hoya Corp
3988.HK,HK,0.051200,Bank of China Ltd
O,US,0.051100,Realty Income Corp
NUE,US,0.051000,Nucor Corp
SRE,US,0.050900,Sempra
ANG.JO,ZA,0.050800,Anglogold Ashanti Plc
CAH,US,0.050700,Cardinal Health Inc
FIX,US,0.050300,Comfort Systems USA Inc
STAN.L,GB,0.050100,Standard Chartered PLC
CIEN,US,0.050100,Ciena Corp
VOLV-B.ST,SE,0.050100,Volvo AB
ADSK,US,0.050100,Autodesk Inc
CABK.MC,ES,0.050100,CaixaBank SA
AME,US,0.050000,AMETEK Inc
OR.PA,FR,0.049700,L'Oreal SA
PRX.AS,NL,0.049400,Prosus NV
F,US,0.049200,Ford Motor Co
NOKIA.HE,FI,0.048600,Nokia Oyj
STT,US,0.048400,State Street Corp
BDX,US,0.048400,Becton Dickinson & Co
VALE3.SA,BR,0.048000,Vale SA
DGE.L,GB,0.047800,Diageo PLC
MET,US,0.047600,MetLife Inc
ENI.MI,IT,0.047500,Eni SpA
CPG.L,GB,0.047500,Compass Group PLC
2303.TW,TW,0.047500,United Microelectronics Corp
CVNA,US,0.047400,Carvana Co
9433.T,JP,0.047300,KDDI Corp
PSA,US,0.047300,Public Storage
EW,US,0.046900,Edwards Lifesciences Corp
AFL,US,0.046800,Aflac Inc
RWE.DE,DE,0.046800,RWE AG
AMP,US,0.046700,Ameriprise Financial Inc
SREN.SW,CH,0.046400,Swiss Re AG
FNV.TO,CA,0.046300,Franco-Nevada Corp
1120.SR,SA,0.046300,Al Rajhi Bank
LONN.SW,CH,0.046300,Lonza Group AG
LHX,US,0.045800,L3Harris Technologies Inc
AZO,US,0.045600,AutoZone Inc
RIO.AX,AU,0.045400,Rio Tinto Ltd
WAB,US,0.045200,Westinghouse Air Brake Technologies Corp
2914.T,JP,0.045200,Japan Tobacco Inc
CMG,US,0.045200,Chipotle Mexican Grill Inc
HONA,US,0.045100,Honeywell Aerospace Inc
VMRK,US,0.045100,Vivmark Residential
COHR,US,0.045100,Coherent Corp
BN.PA,FR,0.044700,Danone SA
NU,US,0.044700,NU Holdings Ltd/Cayman Islands
2383.TW,TW,0.044600,Elite Material Co Ltd
ROK,US,0.044500,Rockwell Automation Inc
2318.HK,HK,0.044200,Ping An Insurance Group Co of China Ltd
RACE.MI,IT,0.043900,Ferrari NV
HUM,US,0.043800,Humana Inc
INVE-B.ST,SE,0.043700,Investor AB
G.MI,IT,0.043700,Generali
ETR,US,0.043400,Entergy Corp
VST,US,0.043300,Vistra Corp
FITB,US,0.043300,Fifth Third Bancorp
EBAY,US,0.043000,eBay Inc
XEL,US,0.043000,Xcel Energy Inc
8591.T,JP,0.042900,ORIX Corp
CARR,US,0.042900,Carrier Global Corp
9999.HK,HK,0.042800,NetEase Inc
IQV,US,0.042700,IQVIA Holdings Inc
NKE,US,0.042700,NIKE Inc
GRMN,US,0.042100,Garmin Ltd
CSU.TO,CA,0.042000,Constellation Software Inc/Canada
8002.T,JP,0.042000,Marubeni Corp
ATD.TO,CA,0.041700,Alimentation Couche-Tard Inc
ALAB,US,0.041700,Astera Labs Inc
RKT.L,GB,0.041700,Reckitt Benckiser Group PLC
ASM.AS,NL,0.041700,ASM International NV
CVE.TO,CA,0.041600,Cenovus Energy Inc
EOAN.DE,DE,0.041500,E.ON SE
ROP,US,0.041200,Roper Technologies Inc
MSTR,US,0.041200,Strategy Inc
IDXX,US,0.041000,IDEXX Laboratories Inc
INVE-A.ST,SE,0.040900,Investor AB
EXC,US,0.040800,Exelon Corp
105560.KS,KR,0.040800,KB Financial Group Inc
OXY,US,0.040500,Occidental Petroleum Corp
NTRA,US,0.040200,Natera Inc
A,US,0.040100,Agilent Technologies Inc
NDAQ,US,0.040000,Nasdaq Inc
1303.TW,TW,0.040000,Nan Ya Plastics Corp
HLN.L,GB,0.040000,Haleon PLC
ATCO-B.ST,SE,0.039800,Atlas Copco AB
WDS.AX,AU,0.039800,Woodside Energy Group Ltd
VTR,US,0.039800,Ventas Inc
IBKR,US,0.039700,Interactive Brokers Group Inc
CBRE,US,0.039600,CBRE Group Inc
COIN,US,0.039600,Coinbase Global Inc
AXON,US,0.039600,Axon Enterprise Inc
HOLN.SW,CH,0.039500,Holcim AG
9434.T,JP,0.039400,SoftBank Corp
SGO.PA,FR,0.039300,Cie de Saint-Gobain SA
SLF.TO,CA,0.039100,Sun Life Financial Inc
VEEV,US,0.039000,Veeva Systems Inc
6367.T,JP,0.039000,Daikin Industries Ltd
WCN.TO,CA,0.038800,Waste Connections Inc
CCO.TO,CA,0.038700,Cameco Corp
YUM,US,0.038600,Yum! Brands Inc
RSG,US,0.038600,Republic Services Inc
ITUB4.SA,BR,0.038600,Itau Unibanco Holding SA
INFY.NS,IN,0.038500,Infosys Ltd
KDP,US,0.038500,Keurig Dr Pepper Inc
FERG,US,0.038500,Ferguson Enterprises Inc
8750.T,JP,0.038400,Daiichi Life Group Inc
SAND.ST,SE,0.038400,Sandvik AB
7267.T,JP,0.038300,Honda Motor Co Ltd
SIKA.SW,CH,0.038200,Sika AG
GMEXICOB.MX,MX,0.038200,Grupo Mexico SAB de CV
WDAY,US,0.038200,Workday Inc
AIG,US,0.038200,American International Group Inc
3037.TW,TW,0.038000,Unimicron Technology Corp
LR.PA,FR,0.038000,Legrand SA
PETR3.SA,BR,0.038000,Petroleo Brasileiro SA
8053.T,JP,0.037800,Sumitomo Corp
MBG.DE,DE,0.037700,Mercedes-Benz Group AG
TSCO.L,GB,0.037600,Tesco PLC
PRU,US,0.037600,Prudential Financial Inc
PAYX,US,0.037500,Paychex Inc
FANG,US,0.037500,Diamondback Energy Inc
WAT,US,0.037400,Waters Corp
MSCI,US,0.037400,MSCI Inc
1211.HK,HK,0.037400,BYD Co Ltd
GFI.JO,ZA,0.037300,Gold Fields Ltd
8725.T,JP,0.037200,MS&AD Insurance Group Holdings Inc
PRY.MI,IT,0.037200,Prysmian SpA
6701.T,JP,0.037200,NEC Corp
4578.T,JP,0.037200,Otsuka Holdings Co Ltd
6301.T,JP,0.037100,Komatsu Ltd
GMG.AX,AU,0.037100,Goodman Group
DSV.CO,DK,0.037000,DSV A/S
SSE.L,GB,0.037000,SSE PLC
FLEX,US,0.036900,Flex Ltd
WEC,US,0.036700,WEC Energy Group Inc
XYZ,US,0.036700,Block Inc
TTWO,US,0.036500,Take-Two Interactive Software Inc
5802.T,JP,0.036400,Sumitomo Electric Industries Ltd
EBS.VI,AT,0.036200,Erste Group Bank AG
6702.T,JP,0.036200,Fujitsu Ltd
LUMI.TA,IL,0.036100,Bank Leumi Le-Israel BM
005380.KS,KR,0.036000,Hyundai Motor Co
MCHP,US,0.035900,Microchip Technology Inc
ORA.PA,FR,0.035900,Orange SA
ED,US,0.035700,Consolidated Edison Inc
ADM,US,0.035700,Archer-Daniels-Midland Co
U11.SI,SG,0.035600,United Overseas Bank Ltd
GALD.SW,CH,0.035500,Galderma Group AG
2891.TW,TW,0.035500,CTBC Financial Holding Co Ltd
CLS.TO,CA,0.035100,Celestica Inc
2222.SR,SA,0.035100,Saudi Arabian Oil Co
7182.T,JP,0.035000,Japan Post Bank Co Ltd
6762.T,JP,0.035000,TDK Corp
DHI,US,0.034800,DR Horton Inc
NPN.JO,ZA,0.034800,Naspers Ltd
ATCO-A.ST,SE,0.034700,Atlas Copco AB
TEVA.TA,IL,0.034700,Teva Pharmaceutical Industries Ltd
DANSKE.CO,DK,0.034700,Danske Bank A/S
K.TO,CA,0.034500,Kinross Gold Corp
ODFL,US,0.034400,Old Dominion Freight Line Inc
SYY,US,0.034100,Sysco Corp
2882.TW,TW,0.034000,Cathay Financial Holding Co Ltd
III.L,GB,0.034000,3i Group PLC
0992.HK,HK,0.034000,Lenovo Group Ltd
NTR.TO,CA,0.034000,Nutrien Ltd
EXPN.L,GB,0.033700,Experian PLC
8630.T,JP,0.033600,Sompo Holdings Inc
ASSA-B.ST,SE,0.033500,Assa Abloy AB
KVUE,US,0.033500,Kenvue Inc
9618.HK,HK,0.033500,JD.com Inc
2881.TW,TW,0.033400,Fubon Financial Holding Co Ltd
EXPE,US,0.033300,Expedia Group Inc
FFH.TO,CA,0.033300,Fairfax Financial Holdings Ltd
HIG,US,0.033000,Hartford Financial Services Group Inc/The
PYPL,US,0.032800,PayPal Holdings Inc
PEG,US,0.032800,Public Service Enterprise Group Inc
RMD,US,0.032700,ResMed Inc
REP.MC,ES,0.032600,Repsol SA
055550.KS,KR,0.032600,Shinhan Financial Group Co Ltd
ADYEN.AS,NL,0.032500,Adyen NV
SDZ.SW,CH,0.032500,Sandoz Group AG
MDB,US,0.032400,MongoDB Inc
POLI.TA,IL,0.032400,Bank Hapoalim BM
IFC.TO,CA,0.032300,Intact Financial Corp
KMB,US,0.032300,Kimberly-Clark Corp
DXCM,US,0.032100,Dexcom Inc
VMC,US,0.032100,Vulcan Materials Co
POW.TO,CA,0.032000,Power Corp of Canada
8308.T,JP,0.032000,Resona Holdings Inc
CCI,US,0.031900,Crown Castle Inc
ALC.SW,CH,0.031800,Alcon AG
PRU.L,GB,0.031800,Prudential PLC
EME,US,0.031700,EMCOR Group Inc
KBC.BR,BE,0.031600,KBC Group NV
8015.T,JP,0.031600,Toyota Tsusho Corp
TEAM,US,0.031500,Atlassian Corp
TWLO,US,0.031500,Twilio Inc
RKLB,US,0.031400,Rocket Lab Corp
EQT,US,0.031400,EQT Corp
STMMI.MI,IT,0.031300,STMicroelectronics NV
MTB,US,0.031300,M&T Bank Corp
6954.T,JP,0.031200,FANUC Corp
WOW.AX,AU,0.031200,Woolworths Group Ltd
ACGL,US,0.031100,Arch Capital Group Ltd
TECK-B.TO,CA,0.031000,Teck Resources Ltd
2887.TW,TW,0.031000,TS Financial Holding Co Ltd
ZTS,US,0.030900,Zoetis Inc
6723.T,JP,0.030900,Renesas Electronics Corp
HBAN,US,0.030800,Huntington Bancshares Inc/OH
1180.SR,SA,0.030800,Saudi National Bank/The
DOL.TO,CA,0.030700,Dollarama Inc
PETR4.SA,BR,0.030700,Petroleo Brasileiro SA
BIIB,US,0.030700,Biogen Inc
NTRS,US,0.030700,Northern Trust Corp
VWS.CO,DK,0.030600,Vestas Wind Systems A/S
KR,US,0.030600,Kroger Co/The
IRM,US,0.030600,Iron Mountain Inc
3017.TW,TW,0.030600,Asia Vital Components Co Ltd
OTP.BD,HU,0.030500,OTP Bank Nyrt
MTD,US,0.030400,Mettler-Toledo International Inc
M&M.NS,IN,0.030300,Mahindra & Mahindra Ltd
ILMN,US,0.030100,Illumina Inc
STLD,US,0.029900,Steel Dynamics Inc
4568.T,JP,0.029900,Daiichi Sankyo Co Ltd
CBK.DE,DE,0.029700,Commerzbank AG
GFNORTEO.MX,MX,0.029700,Grupo Financiero Banorte SAB de CV
6971.T,JP,0.029600,Kyocera Corp
MT.AS,NL,0.029600,ArcelorMittal SA
5108.T,JP,0.029500,Bridgestone Corp
GEHC,US,0.029500,GE HealthCare Technologies Inc
EXR,US,0.029400,Extra Space Storage Inc
CTSH,US,0.029400,Cognizant Technology Solutions Corp
ALNY,US,0.029300,Alnylam Pharmaceuticals Inc
BAJFINANCE.NS,IN,0.029300,Bajaj Finance Ltd
CNC,US,0.029200,Centene Corp
WTW,US,0.029100,Willis Towers Watson PLC
6146.T,JP,0.029100,Disco Corp
SLHN.SW,CH,0.028900,Swiss Life Holding AG
NTAP,US,0.028800,NetApp Inc
HAL,US,0.028700,Halliburton Co
TCL.AX,AU,0.028600,Transurban Group
AD.AS,NL,0.028600,Koninklijke Ahold Delhaize NV
CBOE,US,0.028600,Cboe Global Markets Inc
ON,US,0.028500,ON Semiconductor Corp
8309.T,JP,0.028500,Sumitomo Mitsui Trust Group Inc
EQNR.OL,NO,0.028500,Equinor ASA
SWED-A.ST,SE,0.028300,Swedbank AB
FER.MC,ES,0.028300,Ferrovial NV
AXISBANK.NS,IN,0.028200,Axis Bank Ltd
MLM,US,0.028100,Martin Marietta Materials Inc
LT.NS,IN,0.028000,Larsen & Toubro Ltd
CPRT,US,0.028000,Copart Inc
4062.T,JP,0.028000,Ibiden Co Ltd
GIVN.SW,CH,0.028000,Givaudan SA
ENGI.PA,FR,0.028000,Engie SA
UCB.BR,BE,0.027800,UCB SA
9432.T,JP,0.027800,NTT Inc
TDY,US,0.027800,Teledyne Technologies Inc
VOD.L,GB,0.027700,Vodafone Group PLC
CCL,US,0.027700,Carnival Corp Ltd
FSR.JO,ZA,0.027600,FirstRand Ltd
8604.T,JP,0.027600,Nomura Holdings Inc
CFG,US,0.027500,Citizens Financial Group Inc
AMS.MC,ES,0.027500,Amadeus IT Group SA
FTS.TO,CA,0.027400,Fortis Inc/Canada
AV.L,GB,0.027400,Aviva PLC
IR,US,0.027300,Ingersoll Rand Inc
2802.T,JP,0.027300,Ajinomoto Co Inc
2345.TW,TW,0.027200,Accton Technology Corp
SEB-A.ST,SE,0.027200,Skandinaviska Enskilda Banken AB
CRWV,US,0.027100,Coreweave Inc
9961.HK,HK,0.027100,Trip.com Group Ltd
